	Tweet
0	My Developing SQL Server Databases IQ is 208‚Äîthat‚Äôs better than 84% of my peers! What's your #PluralsightIQ? https://t.co/Vtc2CdYdPj
1	This intro to leadership course on @pluralsight was my first non-career course. It marked a change from purely care‚Ä¶ https://t.co/2hrF5sMfJ0
2	Want to get @Azure certified?  Best way to start is with the AZ-900 - #Azure Fundamentals Certification!  Check out‚Ä¶ https://t.co/l9qcjGqKma
3	Get the skills to pay the bills for $0. https://t.co/DMqtzZC9Ar
4	My Building Websites with HTML, CSS, and JavaScript IQ is 192‚Äîthat‚Äôs better than 76% of my peers! What's your‚Ä¶ https://t.co/Y4APY2JRds
5	#learntocode with @pluralsight
6	@andybak @pluralsight It's a brilliant clickbait
7	"üì± Mobile Development in Bits üì±

@pluralsight is a fantastic place for all sorts of educational content üßê
If you are‚Ä¶ https://t.co/IMdGS30mvi"
8	@broken_rig Take a look at @mGear_Framework facial rigging workshop on YouTube. @Muream did one using blender, conc‚Ä¶ https://t.co/Fw0KkjWECN
9	[Humble] Python Development by Pluralsight (Pay 1EUR for Getting Started with Python on SQL Server, Building Knowle‚Ä¶ https://t.co/rgIbzCUDiw
10	"Which #techtrend are you focusing on? Let us know! 
https://t.co/17KlZ1MCSd https://t.co/fvbHAOajqP"
11	@pluralsight jeffrey biden from peru is going to replace thou...
12	"Planning for 2H2021
Pluralsight courses, domestic travel, and a new Day Two Cloud episodes are among some of what I‚Ä¶ https://t.co/rcUOvQVUfs"
13	@vladcatrinescu @pluralsight I highly recommend this path.  It was VERY helpful for, me in getting certified.
14	ü§óI've just completed a ‚≠êbrilliant course about the #Sprint #backlog and #release management - including a simulatio‚Ä¶ https://t.co/pdGFp43Cu7
15	Increasing Mental Health Awareness for Improved Inclusion: Take this new course and thousands more @Pluralsight!‚Ä¶ https://t.co/6DN5glonIl
16	"@pluralsight WYSIWYG AI + Data + Explanations, Now!
Use your browser to write and run readable analytic models as s‚Ä¶ https://t.co/IR7Xd1GgVJ"
17	Mountain views from HQ #pluralsight https://t.co/Y4FfMskwZx
18	@bluflametech @DanWahlin @pluralsight Thanks! :)
19	@TechTrainerTim @pluralsight Thanks, Tim! Very happy to cap off this series at last.
20	Panel | Eliminating waste in your development cycle https://t.co/y6RaGo4rKg
21	@bluflametech @housecor @pluralsight Thanks! Very nice of you to say that. Appreciate it and am glad to hear the‚Ä¶ https://t.co/XcBnwvxmXU
22	"My Cloud Engineer (Google Cloud) IQ is 202 (Expert) ‚Äî that‚Äôs better than 81% of my peers! 
https://t.co/LlzQihjPUR"
23	"Give credit where credit is due.
Today, we acknowledge @DanWahlin and @housecor for their great tech course content‚Ä¶ https://t.co/axn0LOk2AD"
24	Having a PC that won't boot is always a source of frustration. This course will show you how to diagnose and repair‚Ä¶ https://t.co/twI8Vlp41s
25	@pluralsight To call 2020 the worst year ever is so devoid of historical understanding that it is not even laughabl‚Ä¶ https://t.co/KNYMyzJkER
26	'Aruba is partnering with Pluralsight to help IT teams keep their networking skills relevant' https://t.co/tQ6kPUmbCO
27	"We published a new Azure data security course today that is highly relevant to my interests. | 
Design Principles f‚Ä¶ https://t.co/5Y6FvgzglJ"
28	Congrats on yet another new Pluralsight course, Casey! | Closing out Project Work | https://t.co/ku7GXNa4Q5 | @caseyayers @pluralsight
29	"My latest @pluralsight course ""Deploying Applications in #Azure #Kubernetes Service "" just dropped :) https://t.co/h8sJK8xF0J #aks"
30	"Start learning your favourite software development course for free from Pluralsight. 

Master it and improve your c‚Ä¶ https://t.co/hIWK3K0Ez9"
31	Tech leaders Jan Trojanowski, Kimbaly St. Matthew-Daniel and @Bdizz33 break down their process to identify and elim‚Ä¶ https://t.co/rKiNJhmgq2
32	"#CloudComputing 

Azure &gt; GCP though https://t.co/gB3o313iON"
33	Fostering a cohesive project team can signal success. Learn communication skills and collaboration best practices t‚Ä¶ https://t.co/1AI5fpRhfM
34	@ASpittel @pluralsight @AWSAmplify Is Pluralsight worth applying to?
35	Learn how to build beautiful web applications from scratch with #angular and #materialdesign, course is now updated‚Ä¶ https://t.co/YNv1cHhC7J
36	I‚Äôm pursuing PDII. ApexHours, Pluralsight, PDII trail mix, plus many other resources already in use.  Are there any‚Ä¶ https://t.co/U1reWflxkU
37	@Andela @adomako_bismark @pluralsight @adomako_bismark boss I salute üôåüèΩ
38	üéâ It's so exciting to see Andela engineers actively contributing to the learning ecosystem. @adomako_bismark has a‚Ä¶ https://t.co/O1p58n3hbI
39	#TrailheadThursday Understanding Salesforce Security @irenamiz  &amp; @donrobins Practice makes perfect indeed.  Intere‚Ä¶ https://t.co/TQwDI00B7u
40	"@pachicodes My list is about as long as yours, LOL!

- Rust,
- Go,
- AWS,
- MongoDB,
- Azure DevOps stuff,
- React,‚Ä¶ https://t.co/sHb3uhvS99"
41	'Aruba is partnering with Pluralsight to help IT teams keep their networking skills relevant' https://t.co/nrPQqBTUHq
42	My latest @pluralsight courses have been well-received :) These cover #Docker, #Kubernetes and #dotnet - and I have‚Ä¶ https://t.co/zXqF779yWr
43	Work in #tech? See why I love learning with @Pluralsight &amp; save on a subscription using my link: https://t.co/tac29v98Gb
44	By the time you've read the paper and finished your coffee, you may have forgotten what you've just read. Why and h‚Ä¶ https://t.co/ZojvJofne8
45	"This is just the beginning #Associate #Cloud #Engineer.

My Cloud Engineer (Google Cloud) IQ is 103‚Äîthat‚Äôs better t‚Ä¶ https://t.co/rH881llMpW"
46	@googleafrica @pluralsight @Android Will the certification include those of web track?
47	"I earned a new badge while skilling up on @Pluralsight https://t.co/0U5ZGHV8Pq #po
#programming #DEVCommunity #progress #code"
48	Want to get #MicrosoftTeams Certified? Check out the MS700 - Managing Microsoft Teams path on @Pluralsight ! Over 1‚Ä¶ https://t.co/R1EDGqw0ND
49	@florinpop1705 All work and no play? Sure, you could have done something else, but we need distraction occasionally‚Ä¶ https://t.co/zjjTl7u4ti
50	Skype for Business Online is retiring soon! Make sure you're ready for  #MicrosoftTeams with this @Pluralsight path‚Ä¶ https://t.co/oek1c86Cr3
51	"My Kotlin: App Fundamentals IQ is 154
https://t.co/psa101Bqqi 

üòÇüòÇDon't make a pun out of this, I'm just looking for a job"
52	Dear @pluralsight I don't see any good videos on NLP. Wondering how pluralsight ignores mostly sought NLP related c‚Ä¶ https://t.co/cO1zG1xW8N
53	Are you planning on taking the Exam DP-203: Data Engineering on @Azure ? Great! This course @pluralsight  will teac‚Ä¶ https://t.co/32UKXfklsY
54	"[BEHIND THE SCENES]

I use a simple spreadsheet to help me plan and structure my Pluralsight courses. 

I work from‚Ä¶ https://t.co/TIewK0QuoG"
55	@JurgenOnAzure @pluralsight This is not a bad course. Quite useful : )
56	@amplanting I really have to recommend against this. These programs are usually very overpriced, especially for Sec‚Ä¶ https://t.co/KlA81OlVUP
57	"Speak of game changers, that's YOU! 
Why not put yourself through the pace
#AddYourVoice

@rcd_africa @CGCNairobi‚Ä¶ https://t.co/zwwIrNxpN0"
58	Now to decide on a replacement drive. I guess I don't need 4TB if I never even used 100GB on this drive. Should I g‚Ä¶ https://t.co/8bLxK305XH
59	'Aruba is partnering with Pluralsight to help IT teams keep their networking skills relevant' https://t.co/pLUsFTYUHg
60	@NovallSwift Also it's a few years old now but the content is mostly evergreen. If folks have a Pluralsight subscri‚Ä¶ https://t.co/Mwqb4ocWMV
61	Found this somewhere....Pluralsight says I'm an expert with javascript. I took that test in 2019 üòä https://t.co/4qzMrz486u
62	I earned a new badge while skilling up on @Pluralsight https://t.co/Rq45iQtKfU
63	@Ned1313 Have you done a Pluralsight course on this skill set?? Think I need it lol.
64	'Aruba is partnering with Pluralsight to help IT teams keep their networking skills relevant' https://t.co/P3SGwIAi8k
65	'Aruba is partnering with Pluralsight to help IT teams keep their networking skills relevant' https://t.co/fKf7agmJoe
66	'Aruba is partnering with Pluralsight to help IT teams keep their networking skills relevant' https://t.co/b8CyWEnRaW
67	@Jam_Wils I just watched your custom data types video on Pluralsight (thanks for that!), and I noticed your VS Code‚Ä¶ https://t.co/ltFAChX3s3
68	"ü¶¢I've just completed a ‚≠êgreat course about #Scrum #artifacts and #quality! ü§óü¶ã

https://t.co/ODF2NUWBSy"
69	#100DaysOfCode Day 2, i hade to work today, so I have only learned a little about generics on pluralsight. To tired‚Ä¶ https://t.co/WlGENBuG0q
70	@LocketKeepsake @OReillyMedia Is there something specific you'd like? I've done a ton of this: Network DevOps at O'‚Ä¶ https://t.co/tJWcsIrbA6
71	AWS and Azure: State of the cloud #Transformation #bigdata #digital #digitaltransformation via‚Ä¶ https://t.co/xWIrHP3UAF
72	@ArubaNetworks is partnering with @pluralsight to help IT teams keep their networking skills relevant in the midst‚Ä¶ https://t.co/5TFQDrpXNv
73	Are you looking for a course to learn the fundamentals of building .NET applications on #AWS? Here is an excellent‚Ä¶ https://t.co/EyWzs6dIpP
74	Did you miss The Women Tech Council's Talent Shift webinar. It was an excellent! Here are some key takeaways.‚Ä¶ https://t.co/wCcLb0z68z
75	"üê†I've just completed a ü¶ãbeautiful introduction to #Scrum #events! ü•≥

https://t.co/9dugviKAAd"
76	"@ardalis @pluralsight Hi Steve,
Wow what a can of worms that opened. Apologies I cannot get the credentials straigh‚Ä¶ https://t.co/FSjg3rLTcB"
77	"Learning Redefeined !
#maxcoursa #maxcoursaglobal #onlinelearning #onlinecourses #skillindia #skilldevelopment‚Ä¶ https://t.co/Ckn0ptUZri"
78	@pluralsight is it possible to get a refund the day I was charged for renewal? The last months have been tough and‚Ä¶ https://t.co/wn2soMfkZq
79	"Learn project management skills with our popular @Pluralsight online course! https://t.co/IsSheWnxOQ
#money‚Ä¶ https://t.co/DEDV5lf7yk"
80	@nickrusso42518 @pluralsight Nice.  ‚úÖ. Thanks. Will be on standby
81	@ioaramide No, but will be soon @pluralsight
82	@nickrusso42518 Is this on Pluralsight yet?
83	"üê∞I've just completed a üå∑delicate course about the 3 #roles in the #Scrum framework! ü•≥

https://t.co/GNeLj8Rplv"
84	@jongalloway @spboyer I've set some time aside to make it a priority to go through more Learn content. Admittedly,‚Ä¶ https://t.co/cMXF3Xs2N7
85	#Planning and #Managing #SharePoint 2016 Productivity Solutions https://t.co/fZVgewoCpS @pluralsight  #Training‚Ä¶ https://t.co/dZ6UVjccF8
86	Have you tried these 3 awesome platforms to learn how to code? They all offer some awesome courses in #javascript‚Ä¶ https://t.co/q8xMfGILUN
87	Teams is more than a chat client and depends heavily on a reliable network. In this PluralSight course, learn all a‚Ä¶ https://t.co/sySAH7y1Ra
88	"@michaelperillo I make training courses and getting certified might open up some course opportunities.
https://t.co/qAg2k4Eh6G"
89	Here is the link to the Google Cloud Data Summit Keynote - if you are interested. #Google#GoogleCloud‚Ä¶ https://t.co/Hg1d4DOwJq
90	"Google Cloud Data Summit Keynote in 40 minutes or so!!
#Google #GoogleCloudSummit #CloudComputing #Keynote‚Ä¶ https://t.co/CPMFtcbUdv"
91	Congrats on your latest Pluralsight course, Andrew! | RHEL 8: Deploying, Configuring and Maintaining Systems |‚Ä¶ https://t.co/Q9gJ1MRaXY
92	Listen... no really, LISTEN! They say techies need better soft skills which may just start with better listening. T‚Ä¶ https://t.co/j24PsfQipc
93	Fostering a cohesive project team can signal success. Learn communication skills and collaboration best practices t‚Ä¶ https://t.co/KdfhOUcFAr
94	Want to master React for fullstack development? Here are 10 Best React Courses from Pluralsight for Beginners and E‚Ä¶ https://t.co/a45AQivks7
95	Starting the morning with the big picture of Core Python fundamentals with @jolson88 @pluralsight #GrowthMindset‚Ä¶ https://t.co/20QlsfcJfi
96	Giving @DaisukeIoT and @maston's @MicrosoftIoT #Project15 some love in my latest @azure #AZ220 course for‚Ä¶ https://t.co/bMusXgsnEn
97	Are there platforms out there that can help me assess my current skill level in coding and provide training recomme‚Ä¶ https://t.co/pLFMIULUQN
98	@concentratdgreg @pluralsight Thank you so much, I will take a look.
99	@sylla_bailo Yes, it's covered in this course: https://t.co/gliW8CEfGD (the module on securing an API).  Hope this helps! :)
100	@KevinDockx good morning sir, hope you are fine, Please i need to implement √† beer token with asp. Net core, do you‚Ä¶ https://t.co/SYcSd59CRU
101	@Mahajan_ajay92 @pluralsight I‚Äôm pleased to report that our MS-101 learning path *already* includes these changes!
102	Hi @concentratdgreg @pluralsight MS has updated MS-101 skills on the exam, do you guys know when updated modules ar‚Ä¶ https://t.co/n3G2XCVSw8
103	@Big_Zude @ASpittel @pluralsight @awscloud üòÜ You'll have to eventually
104	@AhamCreates @ASpittel @pluralsight @awscloud For starters there has been no mention of managing stateüòÖ I enjoyed l‚Ä¶ https://t.co/rM7cChYazK
105	"@andrewlocknet Hi want to thank you for the blog posts about Serilog.
You should write a book or create a video cou‚Ä¶ https://t.co/M9FQwROr67"
106	Work in #tech? See why I love learning with @Pluralsight &amp; save on a subscription using my link: https://t.co/uW84OFi9dS
107	hey, @pluralsight  there is a little issue in ur email template ;-) https://t.co/roDcfU1LaM
108	@Big_Zude @ASpittel @pluralsight @awscloud EasierÔºü
109	"@pluralsight Hi!
I'm resurrecting the Flutter UG in Israel. Once I was leading the .NET UG and had 1 month coupons‚Ä¶ https://t.co/VzzmMNNJtY"
110	Guess what. @pluralsight is hiring for the security curriculum &amp; content team. Looking for someone with an eye on t‚Ä¶ https://t.co/D9En789CsG
111	Do you want to learn how to use Docker with your Python applications? I just published my latest course on‚Ä¶ https://t.co/sv5DiEdslW
112	"ü•≥I've just completed the first, üçπrefreshing course in the learning path about #Scrum! üéâ

https://t.co/2ggCKVZGUP"
113	"Hi Everyone,

I have just published a new course on @pluralsight  about #Microsoft #Azure #CognitiveServices :‚Ä¶ https://t.co/rLL4Elz21R"
114	@WBA_Global @pluralsight Grow your crypto by 15% daily without becoming affected when the stock market increases or‚Ä¶ https://t.co/HxjJ7bLV25
115	My Cloud Engineer (Google Cloud) IQ is 108‚Äînocturnals be like! What's your #PluralsightIQ? https://t.co/Enkw7SJC6p
116	"Learning some backend stuff as a front-end dev is different and exciting
@ASpittel  @pluralsight @awscloud https://t.co/kx15kfznJ6"
117	@bweissman @DBArgenis @PureStorage I think he's the guy that developed all that MS Access content for PluralSight.‚Ä¶ https://t.co/06pEarN1yE
118	10 Best React Courses from Pluralsight for Beginners and Experienced Developers https://t.co/UdHiKF1TQA
119	"#GADS2021
@Andela @pluralsight #GrowWithGoogle

Start your journey to becoming world class.
Get started with Androi‚Ä¶ https://t.co/m3iBOwZZaV"
120	üêºI've just completed a ü¶ãbeautiful course about #AWS #RDS - describing how to configure different #RDBMS instances,‚Ä¶ https://t.co/2QN9rQaVCh
121	Increasing Mental Health Awareness for Improved Inclusion: Take this brand new course and thousands more‚Ä¶ https://t.co/g0Hui9fdvZ
122	"How I build a @pluralsight course:

1. Outline modules
2. Import to Excel
3. Marinate on the story of each module
4‚Ä¶ https://t.co/Gu2bT8EEog"
123	@DeborahKurata @pluralsight @ShawnWildermuth By the way, I'm on it now... https://t.co/oZCSYLG8qc
124	@DeborahKurata @pluralsight @ShawnWildermuth Cheers!!! I shall have a quick look there. In case of any queries, I s‚Ä¶ https://t.co/Slk70oWmsA
125	@nimpossible2020 There is great content on @pluralsight by @ShawnWildermuth including this excellent (and recently‚Ä¶ https://t.co/VtFT3UnWnh
126	Join me on July 15 for an exciting online event for designers looking to extend their UX skills! The lineup include‚Ä¶ https://t.co/gHSO8VTGLy
127	@CliffordAgius @jamie_maguire1 @MicrosoftIoT @pluralsight @IoTeaLive Indeed! And in fact, I'll be talking about‚Ä¶ https://t.co/azky2f7JqX
128	@julielerman @ardalis @pluralsight Awesome, congrats! I‚Äôve avoided learning a ton about DDD because it hasn‚Äôt been‚Ä¶ https://t.co/fz2GhO5Fko
129	@pete_codes @jamie_maguire1 @MicrosoftIoT @pluralsight Need to update us all on this on tonight's @IoTeaLive mate.
130	@agcjunior @julielerman @pluralsight It's totally revised but yes it's the same overall topic. Think of it like a 2nd edition of a book.
131	"10 Best React Courses from Pluralsight for Beginners and Experienced Developers
https://t.co/9iaogMicAU
#javascript #reactjs"
132	@julielerman @ardalis @pluralsight Is tais course the same as the previous one with new technology?
133	@jon117oneill @RealFrugalMogul There should be plenty of data science courses. One of my direct reports did a plura‚Ä¶ https://t.co/3zU3bMTYxQ
134	Domain-Driven Design is more important than ever. @ardalis &amp; I have just shipped 2nd edition of our DDD Fundamental‚Ä¶ https://t.co/UmPAXC2M6z
135	üôå We would like to thank everyone who attended our CIO Institute: Benelux event today. We would also like to thank‚Ä¶ https://t.co/u5oEBHN7GK
136	Same problem with the new DDD Fundamentals course (https://t.co/oMokCRsQxl). Fixed and it's now available to ALL su‚Ä¶ https://t.co/MYphe3ODv8
137	We published a big stack of Google Cloud/Workspace courses today. | Managing Google Workspace |‚Ä¶ https://t.co/xiaay039qJ
138	@ardalis @pluralsight Appreciate the quick response. I‚Äôll take a look today :)
139	@teafg @pluralsight If you figure it out, please let me know so I can update the README with some troubleshooting t‚Ä¶ https://t.co/ngXg4ybEiz
140	@teafg @pluralsight Hmm, seems to be a problem with docker connecting to Nuget over SSL. This GitHub issue has some‚Ä¶ https://t.co/mxP8kH6NYq
141	How does your organization approach upskilling? @Pluralsight's Sean Farrington explores why it should be a long-ter‚Ä¶ https://t.co/aS1Te4xBPr
142	@henry_been @pluralsight That is so awesome, congratulations!
143	"Learn project management skills with our popular @Pluralsight online course! https://t.co/IsSheWnxOQ
#money‚Ä¶ https://t.co/FVsd3UfGzg"
144	10 Best React Courses from Pluralsight for Beginners and Experienced Developers https://t.co/97mzCkpxgO #reactjs‚Ä¶ https://t.co/bgfi0dgMrh
145	@jamie_maguire1 @MicrosoftIoT @pluralsight Yup..! There's been a gap though while we sort out the OD... But back on it full steam ahead now!
146	@pete_codes @MicrosoftIoT @pluralsight Your shipping quite a few of these by the looks of it!
147	@concentratdgreg @pluralsight Nice! Looking forward to it üëçüèª
148	@olakara @AamiriYouness @pluralsight it's TRUE it's TRUE. It was also accidentally left out of the core library but‚Ä¶ https://t.co/bZ44CqJ8qy
149	"@HmsBarona Hi Hugo! I throughly enjoyed your #pluralsight tutorials! 

Are you planning on creating any for adding data to sql databases?"
150	@AamiriYouness @pluralsight that was also part of the mixup but it has been fixed and @Serv__ confirmed they were a‚Ä¶ https://t.co/9ZFiLypkRW
151	@henry_been @pluralsight Great! üëç
152	@henry_been @pluralsight Woohoo awesome!
153	@ardalis I am enjoying the DDD fundamentals course @pluralsight but I keep getting a build error while following th‚Ä¶ https://t.co/JZrbgPkODS
154	@AamiriYouness @julielerman @pluralsight You should be able to watch it with  standard subscription
155	"ü¶ãI've just completed a üíémagnificent overview of #database and #security technologies in #AWS! ü•≥

https://t.co/4X0XmBlptT"
156	@granticusdev Not sure if I am self-taught or self-motivated using different teaching / learning methods.  I got my‚Ä¶ https://t.co/CzsXgpBZLc
157	@KevHal @concentratdgreg @ShabazDarr @pluralsight I think it‚Äôs mid-June so hopefully 2-3 weeks away
158	@virtualmanc @concentratdgreg @ShabazDarr @pluralsight When are you expecting to get results? planning on taking it soon.
159	@wouterdekort @pluralsight Thanks Wouter!
160	@virtualmanc @concentratdgreg @ShabazDarr @pluralsight @virtualmanc , if you fail the WVD exam then there is no hope for the rest of us!
161	@henry_been @pluralsight Congrats!
162	@julielerman @pluralsight Hello Julie, what about the ddd course? It is a standard one? 2 days ago it said i needed to upgrade.
163	Learn how to diagnose, troubleshoot, and repair any type of software or hardware compatibility problem in Windows 7‚Ä¶ https://t.co/57RS8Z1utu
164	"@concentratdgreg @pluralsight as the exam is in beta this is much needed.
thanks Greg :)"
165	Join Marion van Leeuwen-Kemmere, Vice President Strategic Accounts for @pluralsight now as they discuss 'Addressing‚Ä¶ https://t.co/NeABxPqoBX
166	@concentratdgreg @ShabazDarr @pluralsight I already took the beta exam but definetly looking forward to going throu‚Ä¶ https://t.co/spZHF7Wswc
167	@Jan_de_V @pluralsight Thanks chief! (And good to see you online and on top of Twitter again!)
168	@henry_been @pluralsight That's so cool, congratulations!
169	Some exciting news... my first @pluralsight has been published last week! Want to start the path to earning the DP-‚Ä¶ https://t.co/iOuk2xuec2
170	"Learn how to transform your software architecture:
https://t.co/sNlIUKWb3h

#pluralsight #microservices #legacy‚Ä¶ https://t.co/5sHuM9RJSa"
171	"I earned a new badge while skilling up on @Pluralsight https://t.co/Uwe3Xm0MUp #po 
#programming #DEVCommunity #progress #coding"
172	Thank you @lak_gcp Lak Lakshmanan - Giving Vertex A.I. a spin on Google Cloud's new Machine Learning Platform‚Ä¶ https://t.co/ouEB5pPsap
173	it's been years since I first stumbled across it on @pluralsight , but I still regularly demand/intimidate/threaten‚Ä¶ https://t.co/8kU9fdU64v
174	@julielerman @ardalis @pluralsight Works like a charm. Thank you for following up :) https://t.co/UQp6PnbEis
175	Hello @meighread13! Just out of curiosity... is there a @pluralsight Executive Briefing that I can create where I c‚Ä¶ https://t.co/wUFMUpQP9R
176	@SamerNT I am watching your @pluralsight react course and I would really appreciate this book @samerbuna. Consider me ü•∫ü§ó
177	@JeffHicks Jeff! How's it going. I've watched a ton of your content on Pluralsight and I have learned a ton. Thanks a lot!
178	@AdesolaSamuel18 @gregcons I told @AdesolaSamuel18 that you often have @pluralsight free trial codes available, and‚Ä¶ https://t.co/0ucw2N2qgO
179	Wow, accidentally, my EF Core Getting Started course became unavailable to folks with Standard @pluralsight subscri‚Ä¶ https://t.co/pIgzWH2zJ7
180	@gregcons @lefticus I'll like to engage in learning more on C++ and your library on pluralsight will really be of great help.
181	"ü§©I've just completed the üèõÔ∏èmonumental 30-hour learning path about the #Go programming language on #Pluralsight! ü§óü¶ã

https://t.co/xIBKVmB3c1"
182	ü•≥I've just completed a üå∫sublime 3-hour course describing how to create a basic multi-service hybrid #distributed sy‚Ä¶ https://t.co/aKar9WdXzf
183	@DeborahKurata @pluralsight @angular Thsnks to you, @John_Papa and @angular team I learned and realized, that Web F‚Ä¶ https://t.co/UV3uH9O4mK
184	@GaweCodes @pluralsight @angular So great to hear. Thank you! üòä
185	@DeborahKurata @pluralsight @angular Watched the getting started course. It is a very good course
186	@John_Papa Learning #Angular @pluralsight for my new job. Watching your Angular CLI course. Very good course.
187	@Serv__ @ardalis @pluralsight Hey Marco! It should be available now! Let us know!! üòÅüòÅüòÅ
188	@KayodeFoloruns3 @ToyosiGodwin @unilagfm_1031 @officialnyscng @Google @khanacademy @udemy @pluralsight @DecagonIns‚Ä¶ https://t.co/H0fFgSqadf
189	@adebusola_f @ToyosiGodwin @KayodeFoloruns3 @unilagfm_1031 @officialnyscng @Google @khanacademy @udemy @pluralsight‚Ä¶ https://t.co/BM2hauTrdy
190	Time to update this course... I've revised the script and am now sprucing up the slides for the first of three modu‚Ä¶ https://t.co/4UUA7Nd7VV
191	"Thank you @housecor for this course. 

https://t.co/xbuImNKtul 

#100DaysOfCode @pluralsight https://t.co/pnFiu6PtNs"
192	@concentratdgreg @pluralsight Maybe some Citrix ADC/ADM and SD-WAN on-premises and Cloud ?
193	@allardice @pluralsight Simon, your Swift and iOS courses are absolutely brilliant! I‚Äôm so glad I‚Äôve stumbled upon‚Ä¶ https://t.co/Fd6d18RPcS
194	@joshuaadetayo1 @ToyosiGodwin @KayodeFoloruns3 @unilagfm_1031 @officialnyscng @Google @khanacademy @udemy‚Ä¶ https://t.co/ELopbCB7B6
195	@ToyosiGodwin @joshuaadetayo1 @KayodeFoloruns3 @unilagfm_1031 @officialnyscng @Google @khanacademy @udemy‚Ä¶ https://t.co/TlFmDjQVhB
196	@KayodeFoloruns3 @ToyosiGodwin @unilagfm_1031 @officialnyscng @Google @khanacademy @udemy @pluralsight @DecagonIns‚Ä¶ https://t.co/t1bj65bLpC
197	"All seven courses in my new AZ-140 learning path for @Pluralsight should hit the catalog late next week.

As I begi‚Ä¶ https://t.co/k99IL9ett8"
198	I'm seeking a Sr Product Manager for our Identity team at Pluralsight. Democratize technology skills using human ce‚Ä¶ https://t.co/EdUwbY4b8A
199	@joshuaadetayo1 @ToyosiGodwin @KayodeFoloruns3 @unilagfm_1031 @officialnyscng @Google @khanacademy @udemy‚Ä¶ https://t.co/d813vkSP6t
200	Solid project management leads to solid project outcomes. Learn skills with our popular @Pluralsight online course!‚Ä¶ https://t.co/Sr4tNenZSu
201	Here are some quick tips and tricks for your Monday: @JeremyCMorgan shows you how to manipulate small data sets wit‚Ä¶ https://t.co/hudWDJbViu
202	@ScottAllen @pluralsight @OdeToCode Am Saddened. I am becoming very good with c# coz of his knowledge. It's sad I c‚Ä¶ https://t.co/iGotQcUeD9
203	#SharePoint #Security End to End https://t.co/qtQKAiVNqR @pluralsight  #Training #Courses #Learning @SharePlicity  @SharePlicityE
204	@ToughToWatch @Docker @pluralsight My pleasure - hope you find it helpful!
205	@joshuaadetayo1 @ToyosiGodwin @KayodeFoloruns3 @unilagfm_1031 @officialnyscng @Google @khanacademy @udemy‚Ä¶ https://t.co/ytq2Nf7sIO
206	@DahlSailRunner @Docker @pluralsight Thank you for this course!!!!
207	"@chombazm @pluralsight That's actually @OdeToCode, who sadly passed away last year.

https://t.co/y7zpfHX3dH"
208	Want to get @Azure certified?  Best way to start is with the AZ-900 - #Azure Fundamentals Certification!  Check out‚Ä¶ https://t.co/IQ9RiBpAMs
209	Skype for Business Online is retiring soon! Make sure you're ready for  #MicrosoftTeams with this @Pluralsight path‚Ä¶ https://t.co/P9nacdGE1k
210	@joshuaadetayo1 @ToyosiGodwin @unilagfm_1031 @officialnyscng @Google @khanacademy @udemy @pluralsight @DecagonIns‚Ä¶ https://t.co/d8mg8gJeBc
211	@ToyosiGodwin @KayodeFoloruns3 @unilagfm_1031 @officialnyscng @Google @khanacademy @udemy @pluralsight @DecagonIns‚Ä¶ https://t.co/gJ1y56PnX9
212	@joshuaadetayo1 @KayodeFoloruns3 @unilagfm_1031 @officialnyscng @Google @khanacademy @udemy @pluralsight‚Ä¶ https://t.co/iWREVmXrgx
213	@ToyosiGodwin @KayodeFoloruns3 @unilagfm_1031 @officialnyscng @Google @khanacademy @udemy @pluralsight @DecagonIns‚Ä¶ https://t.co/PmkZH24vgr
214	@ryan_p_ellis Honestly any contact would be good.  I am trying to create good courses on Pluralsight that honor the‚Ä¶ https://t.co/WKwO5GAlag
215	Awesome! The first course is here: https://t.co/olyvi5g3vJ https://t.co/KRShaoiUeh
216	@KayodeFoloruns3 @unilagfm_1031 @officialnyscng @Google @khanacademy @udemy @pluralsight @DecagonIns @udacity‚Ä¶ https://t.co/UYarEnABnO
217	@ToyosiGodwin I spoke about it on Eko Corper's Diary at @unilagfm_1031 two weeks ago where I asked why‚Ä¶ https://t.co/3KMdTIlYBP
218	Are you studying for the #DevNet Associate exam? Try this free @Pluralsight skills assessment to measure your readi‚Ä¶ https://t.co/FVJ3zbd2oX
219	Increasing Mental Health Awareness for Improved Inclusion: Take this brand new course and thousands more‚Ä¶ https://t.co/H8h0Yqql0Z
220	This is one of the very few tweets I'm referencing in one of my @Pluralsight courses. Don't be afraid of lifelong l‚Ä¶ https://t.co/jEqrTxosqh
221	"21. Plural Sight

Plural Sight, formally known as Code School, is an online learning platform that offers both free‚Ä¶ https://t.co/2s1tgQ63cG"
222	@ardalis @Serv__ @pluralsight I am pretty confident that this is a mistake and it should/will be moved into the cor‚Ä¶ https://t.co/ByB2LILQZc
223	@ADhasADHD @OpenAcademics @AcademicChatter @PhDVoice R programming course by Abhishek Kumar on Pluralsight. Really amazing.
224	I earned a new badge while skilling up on @Pluralsight https://t.co/3aYZwNrikz
225	@Serv__ @ardalis @pluralsight Can you sign up for the premier trial?? Then you can watch it!!
226	@AtanuGpt @nocentino @pluralsight Check out the AKS in Action Module
227	And if you want to know just how important those fundamentals of TCP/IP are - here you go #salesforcedown #dns‚Ä¶ https://t.co/091LuaNmAe
228	The TCP/IP NETWORKING FOR DEVELOPERS module for the #GoogleAfrica #Developer #Scholarship is retired but has fundam‚Ä¶ https://t.co/eYZEzyQeKw
229	@powershellpro @nocentino @pluralsight Did you add anything new as I could see the old one only... all green check marks ü§î
230	@julielerman @pluralsight @awscloud @dotnet @dotnetonAWS Thank you for creating that great #dotNETonAWS content! Yo‚Ä¶ https://t.co/ybGitJiseG
231	@sandeepsaran05 @pluralsight thanks Sandeep, glad to hear you found it helpful
232	My Building Web Applications With React IQ is 242‚Äîthat‚Äôs better than 94% of my peers! What's your #PluralsightIQ? https://t.co/52XWmgF5ay
233	Susahnya TQ Pluralsight e-learning! Dah dua kali buat still tak pass 11/15. Full video learning take ¬± 2 hours but‚Ä¶ https://t.co/CHVu9YuumY
234	@julielerman @ardalis @pluralsight Support confirmed it, too. A UI hint in the course library to indicate the prici‚Ä¶ https://t.co/lPJnDe74Ku
235	@maddiexcampbell I am huge pluralsight fan.Never tried Udemy.
236	@Serv__ @ardalis @pluralsight This is terrible news. Steve and I will be working with Pluralsight in this. Im so sorry.
237	@its_murugi Create a trial Pluralsight &amp; promote the author or search it here https://t.co/pcagAZRpGC or here https://t.co/Xl7YsxEZhr
238	@jamie_maguire1 @MicrosoftIoT #AZ220 exam prep courses for @Pluralsight...
239	Just finished Microservices Fundamental course from @pluralsight by @mark_heath. Highly recommended as it comes wit‚Ä¶ https://t.co/QnWVKFwRaQ
240	"Week 21:

Microsoft Azure for .NET Developers - Building Secure Services and Applications - PluralSight, Kevin Dockx"
241	My @pluralsight course AKS - The Big Picture has been updated to reflect the latest version of Azure Kubernetes Ser‚Ä¶ https://t.co/9rxOmj8vMc
242	@TechTrainerTim @MicrosoftLearn Thank you Tim. you and your colleagues have done a good job in pluralsight.
243	"@Stormie28519920 @TechTrainerTim @MicrosoftLearn sorry for that. My best resource is @MicrosoftLearn.
The AZ-104 le‚Ä¶ https://t.co/rzXKfS7G2F"
244	@julielerman @ardalis @pluralsight I've upgraded to Standard now and can confirm - it is _not_ available on Standar‚Ä¶ https://t.co/lcqcIz72rD
245	"I'm excited to announce the publication of my third course on @pluralsight üéâ
Learn how to manage and optimize large‚Ä¶ https://t.co/x0GFPhyXWF"
246	Want to get #MicrosoftTeams Certified? Check out the MS700 - Managing Microsoft Teams path on @Pluralsight ! Over 1‚Ä¶ https://t.co/KLMyp5lUBT
247	"C# Morning course with @ScottAllen via @pluralsight . Easy peazy lemon squeezinano.
#learning #chombazm https://t.co/JwTi0HrhMO"
248	@julielerman @pluralsight @awscloud @dotnet @dotnetonAWS You should publish a Greatest Hits album.
249	@rothecoder I use Pluralsight a ton learning all these for work. Highly recommend it! If you have any questions, fe‚Ä¶ https://t.co/Z7dW79k4g2
250	@DCuplink Absolutely! And even well intentioned managers think they can just bootcamp people through python on Plur‚Ä¶ https://t.co/vFMvDeWbbC
251	@rothecoder pluralsight is the mother-load of C# content. It is a subscription site, but completely worth it. (Incl‚Ä¶ https://t.co/ll5cxs4VBl
252	@RobotW0lf @GiantWaffle @Codecademy Pluralsight is good but found some of their trainers come across very indiffere‚Ä¶ https://t.co/gmUzjQ2mly
253	üò∫I've just completed an ‚≠êextraordinary 2.5-hour course depicting several aspects in the creation of a #webservice w‚Ä¶ https://t.co/9r4EaudMY9
254	@dannysteenman @pluralsight has nice learning paths with in-depth guides and tutorials
255	@GiantWaffle @Codecademy I really like pluralsight. Codecademy is fine as well, though.
256	https://t.co/UZ00MIHRBi Great course from Alex Wolf about Blazor and new features of https://t.co/ukW0NHcyY4 Core 5‚Ä¶ https://t.co/qrGQCNJZzq
257	@julielerman @kimbroughMind @ardalis @pluralsight I'll renew with the standard plan tomorrow and then see what's what. Good night :)
258	"After a brief configuration issue, my course ""Getting Started with JavaScript in Salesforce"" on @pluralsight is fre‚Ä¶ https://t.co/qRvVUnbhVC"
259	@julielerman @pluralsight @ardalis Well deserved!
260	@Serv__ @kimbroughMind @ardalis @pluralsight support replied that if you email them directly (using the same email‚Ä¶ https://t.co/LHVMj3BQLB
261	WOWOW! First comment on Domain-Driven Fundamentals (2nd edition) course on @pluralsight that @ardalis and I publish‚Ä¶ https://t.co/sDYeT2eYZF
262	@Serv__ @kimbroughMind @ardalis @pluralsight out of curiosity, can you access the original version of the course? https://t.co/VhJRruFKvy
263	@Serv__ @kimbroughMind @ardalis @pluralsight I sent an email to support and cc‚Äôd some other folks at Pluralsight. T‚Ä¶ https://t.co/1WZlITDwsg
264	@Serv__ @kimbroughMind @ardalis @pluralsight This is just wrong on the part of the UI. Hey @pluralsight ! I‚Äôll ping support
265	"Thank you for your great course on #pluralsight
@g0t4 
https://t.co/RIrSEAbVqq 
#Jenkins"
266	@kimbroughMind @julielerman @ardalis @pluralsight That's what I thought. I'm currently on free and it redirected me‚Ä¶ https://t.co/vcu2SdUQwe
267	@kviglucci Unfortunately there isn‚Äôt one best place for courses‚Ä¶ Pluralsight seems to have the largest library, but‚Ä¶ https://t.co/WRDghDNQX3
268	@vladcatrinescu @pluralsight I just follow Vlad üòä
269	@ardalis @Serv__ @pluralsight It should 100% be on standard.
270	I'd like to use this as an opportunity to remind folks that I published 2 articles *and* a @pluralsight course abou‚Ä¶ https://t.co/ZAl4QoxChQ
271	Want to get @Azure certified?  Best way to start is with the AZ-900 - #Azure Fundamentals Certification!  Check out‚Ä¶ https://t.co/SzpZf6il8x
272	@nickrusso42518 @pluralsight You are crushing it! Congrats!
273	"@Serv__ @pluralsight I believe it's available with just standard.
@julielerman"
274	Hello @ardalis, do you know by any chance, if your #DDD course on @pluralsight is included in the standard or premi‚Ä¶ https://t.co/jKhPSBY0GU
275	"Learn project management skills with our popular @Pluralsight online course! https://t.co/IsSheWnxOQ
#money‚Ä¶ https://t.co/ILMFl91W1q"
276	Pavlovian conditioning at work - it‚Äôs Sunday afternoon which means Pluralsight, which means I‚Äôm sat with my feet up‚Ä¶ https://t.co/18saHLtTHw
277	#Penetration Testing #SharePoint https://t.co/ezWXZPFhoR @pluralsight #security #hacking  #Training #Courses‚Ä¶ https://t.co/fZtV3VZn9W
278	Increasing Mental Health Awareness for Improved Inclusion: Take this brand new course and thousands more‚Ä¶ https://t.co/cdHcS1nkCz
279	Skype for Business Online is retiring soon! Make sure you're ready for  #MicrosoftTeams with this @Pluralsight path‚Ä¶ https://t.co/5irH7iexER
280	@vladcatrinescu @pluralsight Love your videos.
281	@ian_mechanic Customers complain about old content to Pluralsight, so they respond to customer requests. I agree bu‚Ä¶ https://t.co/BXp9mKlLsC
282	Want to get #MicrosoftTeams Certified? Check out the MS700 - Managing Microsoft Teams path on @Pluralsight ! Over 1‚Ä¶ https://t.co/ifxfkckdB7
283	"ü§©I've just completed a üíémarvelous course describing #testing techniques and strategies in #Go! ü§óü¶ã

In addition to s‚Ä¶ https://t.co/0CxmJJc5i4"
284	(I supposed I should also plug the NEW Domain-Driven Design Fundamentals course @ardalis &amp; I just published on‚Ä¶ https://t.co/mKuxoZHQhX
285	A little Sunday morning review session on Azure Synapse Analytics with @GaryGrudzinskas @pluralsight‚Ä¶ https://t.co/aYFfxuGlOg
286	@pluralsight If you get time, sure. But most of this learning is assumed to be on your own time, not work time.
287	I started as a #google #android developer with the #Gads2020 program last year with #java,  so later I switched to‚Ä¶ https://t.co/4z1LuiAvUw
288	"Don't wait for tomorrow the time is now. Sign up for GADS2021 üëâ https://t.co/vvcduBcvPF

Thank you üéâ #GADS2021‚Ä¶ https://t.co/MI3rBDpPOg"
289	I'm going through 'using react hooks' by @pkellner  at @pluralsight. After that I might go through building server-‚Ä¶ https://t.co/p599cGkTq0
290	In this course, we'll look at configuring, managing, and troubleshooting both Windows 7 and Windows 8.1 PCs‚Ä¶ https://t.co/AgaxgodLBW
291	Completed UX design Courses From @pluralsight. Now Today I will start the @trailhead module to build Better UX.‚Ä¶ https://t.co/qLbsYFtdBL
292	@nickrusso42518 @pluralsight Looks great. Thanks Nick. I enjoyed your first Ansible course a lot. The biggest chall‚Ä¶ https://t.co/p3CT8EXyLQ
293	AWS and Azure: State of the cloud #Transformation #bigdata #digital #digitaltransformation via‚Ä¶ https://t.co/cIX3YifV4C
294	AWS and Azure: State of the cloud #DigitalTransformation #bigdata #digital via https://t.co/hLF6Cn65GG https://t.co/Tx3TRXJJo5
295	"Angular Learning Resources

Pluralsight Courses to learn #Angular 

Thank you @DeborahKurata, @josepheames,‚Ä¶ https://t.co/tVyQGFE1Ts"
296	@nickrusso42518 @pluralsight Yes, very
297	Be aware of @pluralsight. I subscribed to a 10 days free plan. They charged me for entire one year plan without eve‚Ä¶ https://t.co/jMZtp8dSMm
298	Busy weekend with 9 demos produced ... does this look interesting to you? If so, you can get started with my first‚Ä¶ https://t.co/djEpKBQt7l
299	It seems yesterday when I first learned about LSTMs! Understanding LSTM Networks -- colah's blog‚Ä¶ https://t.co/pXTHXB8Uou
300	"Pluralsight video course production in progress!

Kdenlive is such an amazing open source video editor. I can't bel‚Ä¶ https://t.co/b7db5rXP5k"
301	The #GADS2021 presents another great opportunity for those in Africa to skill up and get certified in #Android‚Ä¶ https://t.co/B2Av2cJdxf
302	Just regisrer for @BlackHatEvents and @defcon summer camp along with the rest of the @pluralsight crew. Can't wait‚Ä¶ https://t.co/CPbU8F1dZb
303	By the way: 70% of E-Learning elements comes from @TestAutomationU - 25% from self developed trainings - 5% from‚Ä¶ https://t.co/ZGBWjlbMgB
304	@julielerman @pluralsight @dotnet @awscloud Even better. The TOC looks on point.  Vacationing on the coast with a l‚Ä¶ https://t.co/Q06RRBElSC
305	@andleer PS .. i also published a course on @pluralsight for @dotnet devs wanting to work on @awscloud : https://t.co/gljAFycDeP
306	@RichardCorkery @pluralsight Finally - a bit tangential in this space - Reinertsen's Principles of Product Developm‚Ä¶ https://t.co/swxmVogJy4
307	@96wolfd @Andela @pluralsight @Google @googlecloud Yes, thank you .
308	"@RichardCorkery @pluralsight Richardson's Microservices Patterns is good, but definitely starts from the ""microserv‚Ä¶ https://t.co/QTQruiCNoW"
309	"@RichardCorkery @pluralsight Thank you! You made my dayüòä

Of course, Accelerate by Forsgren, Kim, &amp; Humble is a fan‚Ä¶ https://t.co/QXcURPbCw2"
310	@softwarefloyd I just finished your @pluralsight class on #microservices I thought it was excellent and got a lot o‚Ä¶ https://t.co/fPw0kEU1Pq
311	@gbemiesho @Andela @pluralsight @Google @googlecloud hi too @gbemiesho. I hope everything is well in your cloud journey
312	"ü¶ãI've just completed an ‚≠êextraordinary course full of practical examples about #Go's command line tools! ü•≥

ü§©It was‚Ä¶ https://t.co/ZWAIz03Ppp"
313	@cezme4 @pluralsight The courses show the latest practices. I‚Äôm updating them as needed. I‚Äôd love to hear your feedback!
314	Increasing Mental Health Awareness for Improved Inclusion: Take this brand new course and thousands more‚Ä¶ https://t.co/RWBlB3S1nn
315	"Awesome! For everyone else, you can check out the course here: https://t.co/Vtu8zSjB1p

Focuses on leaf/spine desig‚Ä¶ https://t.co/y6DFsb6YJo"
316	#Metasploit Basics for Protecting #SharePoint https://t.co/LO2TFpsbWf @pluralsight #Training #Courses #Learning‚Ä¶ https://t.co/9uT5N43IZF
317	Want to get #MicrosoftTeams Certified? Check out the MS700 - Managing Microsoft Teams path on @Pluralsight ! Over 1‚Ä¶ https://t.co/A4aNCe11e8
318	@TechTrainerTim @pluralsight This is great let me send to my old CIO. (I‚Äôm kind still bitter) üòÅ
319	We published an IT certification-related course today. | The Value of Tech Skills and IT Certifications |‚Ä¶ https://t.co/4V96ej2Xo4
320	"Short course but with complete information on how to document Spring Data Rest API with Swagger.

I already work wi‚Ä¶ https://t.co/jRCBRzsAb1"
321	@pluralsight ,  when vids of ngconf 2021 will be available?
322	Coupling @FocusOnForce with @pluralsight's Salesforce Certified Administrator path to help me on my journey.
323	I've decided to learn #reactjs, @housecor has courses on @pluralsight from august 2020 and the rest are around that‚Ä¶ https://t.co/wZ1zX9D7qD
324	Want to get @Azure certified?  Best way to start is with the AZ-900 - #Azure Fundamentals Certification!  Check out‚Ä¶ https://t.co/zHEPELYnwP
325	Skype for Business Online is retiring soon! Make sure you're ready for  #MicrosoftTeams with this @Pluralsight path‚Ä¶ https://t.co/Sk0p3IClKw
326	"@madamcips @DavidHundeyin https://t.co/re7LFLMJ9Y

You should check this out. Especially if you are an auditory lea‚Ä¶ https://t.co/Pv1BVs4ZUL"
327	"ü§©I've just earned the ""#Pluralsight #Epic Viewer"" badge! üéâü§óü¶ã

https://t.co/aFfkxurDWI"
328	@TechTrainerTim @pluralsight I didn‚Äôt even know this was a thing till my colleagues told me we could report misuse‚Ä¶ https://t.co/1cZwsxJfOP
329	@socavalier @pluralsight piracy@pluralsight.com
330	"Learn project management skills with our popular @Pluralsight online course! https://t.co/IsSheWnxOQ
#money‚Ä¶ https://t.co/9PdRCCHdkU"
331	Does @pluralsight have a software violation bounty? I need to report one!
332	"Best platforms to learn to code
1.Codecademy - free and paid
2.Freecodecamp - free
3.Treehouse - paid
4.The Odin Pr‚Ä¶ https://t.co/3bQ7LIbpaO"
333	@ardalis @julielerman I saw it pop up on my pluralsight üëç.
334	"I'm spending a few hours working on the slides and script for my next @pluralsight course.

After I have the story‚Ä¶ https://t.co/wXOJDtzkgQ"
335	"üò∫I've just completed an üé®inspiring 2.5-hour course exploring #Go's standard library! ü§óü¶ã

üêøÔ∏èThe author discusses a w‚Ä¶ https://t.co/u0JqDFZdq8"
336	@vladcatrinescu Waiting for your course on #pluralsight
337	@javarevisited LinkedIn learning, udemy and pluralsight..my top 3
338	"@PipKing101 My son started at 7 but didn‚Äôt really get into it until 9 or 10.

At 6 I‚Äôd suggest scratch tutorials.‚Ä¶ https://t.co/2esRa1vZhy"
339	@ayushi7rawat Watching a @pluralsight class on #Microservices. Really interesting stuff. Plus #Azure functions. I t‚Ä¶ https://t.co/gaVBwkBrjy
340	@jodiem @EmJaeCaer There are some good CEH training labs on pluralsight that walk you through this type of thing.
341	"Dear @pluralsight 

1) Fuck off
2)You suck
3)How can I unsubscribe from your bullshit email newsletter? Last year,‚Ä¶ https://t.co/5XenIFzJm7"
342	@ardalis love the updated DDD course on Pluralsight. How would one best use a different connection string for the r‚Ä¶ https://t.co/C1Gb9cbA6Q
343	You guys should try the Pluralsight IQ test, to know if you are not Ctrl-C &amp; Ctrl-V developer.
344	@Frontend_io @pluralsight @reactjs üôáüèΩ.. Boss üíØ
345	"GADS2021 is here!
#GADS2021 #SuccessStories @andela, @Pluralsight @GrowwithGoogle https://t.co/Xokhbumw9E"
346	"@javarevisited @javinpaul Pluralsight
Udemy is better on the paying option as  you pay per course and there are discounts all the year."
347	#100DaysOfCode I'm a #csharp developer. I use @owasp in all my security scans. #powershell scripts help me sleep we‚Ä¶ https://t.co/QcJ87cAwt3
348	@packetpioneer Hey Chris ! Your Wireshark course on Pluralsight is awesome ! Thank you ! You should do a course on‚Ä¶ https://t.co/RxJNTDH2Tm
349	I've been at Pluralsight just over 3 months. Today I made my 3rd external hire
350	"Took @pluralsight @reactjs test. Wasn't so bad. Could have been better üòÑ

#javascript #js #reactjs https://t.co/T839eckUtJ"
351	@pluralsight What happens when these 2 #BlackSwans get together?  Lattice Confinement Fusion and‚Ä¶ https://t.co/3OBhxoS2SA
352	My Go Core Language IQ is 244‚Äîthat‚Äôs better than 95% of my peers! What's your #PluralsightIQ? https://t.co/lDX9hXS0Vb
353	My MySQL IQ is 210‚Äîthat‚Äôs better than 85% of my peers! What's your #PluralsightIQ? https://t.co/RuXB4rNpkY
354	@benpro_yt @Lynn14159 @pluralsight Since Clinton who was 20 years ago.
355	@buhakmeh To be clear I'm wondering since I'm saying it in a recorded Pluralsight course, and I'm wondering how mos‚Ä¶ https://t.co/DTiQhGZtfj
356	@javarevisited This comparison is between mortals, need not be wary of such things @pluralsight
357	@SvelteSociety @pluralsight @sveltejs @John_Papa I think your viewers might be interested to know that @IOTA's‚Ä¶ https://t.co/vfZqOqWkAg
358	I've just completed an ü¶ãinspiring 2.5-hour introduction to #RabbitMQ - also describing üß©patterns of #microservice a‚Ä¶ https://t.co/kR2kcYfX05
359	@nocodedevs I use @pluralsight and can‚Äôt live without it
360	"@nigelpoulton 
Just now I completed watching your course on pluralsight 
Docker and kubernetes: The Big Picture"
361	Is this ad sponsored by depression? https://t.co/HObjGeZzcP
362	"ICYMI on the @pluralsight channel:

A full intro to @SvelteJS in 1 hour, from the inimitable @John_Papa!

https://t.co/jhVMATmr9u"
363	Getting Started with @PowerShell #Scripting https://t.co/3iWxEmAPCa @pluralsight #Training #Courses #Learning @SharePlicity @SharePlicityE
364	@MongoDB @pluralsight has helped me quite a lot
365	@ricardoreimao Red Team courses on @pluralsight are short, precise and up to the point üëç
366	@DeborahKurata @engineering_bae Thank you for your Angular tutorial on pluralsight ... helped me out during my internship
367	Join our upcoming EMEA Connect event: https://t.co/7qWVLuWk6J https://t.co/AZiLkV5b4w
368	@MrEbrink @ayele_mokonnen @GKNetherlands @pluralsight Congratulations on the pass!
369	"MS-101 Microsoft 365 Mobility and Security behaald.
Thanx to Mokonnen Ayele @ayele_mokonnen (@GKNetherlands)
Also t‚Ä¶ https://t.co/2Wkknvmf1m"
370	"R3D53 #100DaysOfCode
Went through a PluralSight course on better writing better Java code today. A lot of small n e‚Ä¶ https://t.co/WgNTv3gFJY"
371	Today we published a new beginner-level course on the Azure Data Platform. | Getting Started with Azure Data Worklo‚Ä¶ https://t.co/C2OIFapWX9
372	Here's the public, unauthenticated course link: https://t.co/aCUneXZUbr
373	Congrats on your newest Pluralsight course, Pinal! | Impact with Slowloris | https://t.co/OZkArsRBfs | @pinaldave @pluralsight
374	@JeremySkinner Good idea. I'll contact Pluralsight to update the course description.
375	@JeremySkinner @pluralsight I see your point, but I hardly ever recall any course giving credits to a given library aurhor.
376	Hiding TaskBar Search with PowerShell Yesterday I shared a few PowerShell functions for configuring the Windows 10‚Ä¶ https://t.co/IjI0eQQgK9
377	@JeremySkinner @pluralsight For what it's worth, I agree with that part of you. But yes, that aside, it's great to see üôÇ
378	It‚Äôs cool to see that @pluralsight now have a course on FluentValidation, but part of me feels weird that I wasn‚Äôt‚Ä¶ https://t.co/1EIfgGluuS
379	Increasing Mental Health Awareness for Improved Inclusion: Take this brand new course and thousands more‚Ä¶ https://t.co/7E3rBPngpk
380	@CraigRStansbury  I have attended your pluralsight training (Email security with Cisco ESA) and I have a question o‚Ä¶ https://t.co/kB6XLUciVZ
381	Do you know the difference between all the different hard drives on the market? Here is a great article that will e‚Ä¶ https://t.co/WvLD4GBa7I
382	Critical observation is an interesting topic. I think some people are inherently good at critical observation while‚Ä¶ https://t.co/Z5h3MheVXb
383	@SBenhoff @pluralsight looking forward to the course
384	@pkellner @pluralsight @tailwindcss @reactjs Hello @pkellner , I am loving your style of writing code on React cour‚Ä¶ https://t.co/6THS1oTStx
385	"The major driver for #Digitaleducation market are the increased usage of #Internet all around the world 

Get More‚Ä¶ https://t.co/FOJOzQQJ8H"
386	"üéâ My Pluralsight workshop on Backend Development for Frontend Engineers is on YouTube  üéâ 

A 2 hr crash course on b‚Ä¶ https://t.co/yiy6IQyLQ4"
387	My Kotlin: App Fundamentals IQ is 239‚Äîthat‚Äôs better than 94% of my peers! What's your #PluralsightIQ? #AndroidDev https://t.co/mCFUcJ6CS2
388	Matt Kruczek, Tallan Chief Technology Officer, just announced a new Pluralsight course, ‚ÄòRPA with Microsoft Power A‚Ä¶ https://t.co/z46CaPJORA
389	This Windows 7 Troubleshooting Fundamentals course will introduce you to troubleshooting Microsoft's popular busine‚Ä¶ https://t.co/W8RPRcj7sD
390	@RichardCorkery @pluralsight @IAmTimCorey @YouTube Thank you once again @RichardCorkery  :)
391	"The Best Programming Languages to Learn in 2021
#100DaysOfCode #CodingLife #futureofwork 
@andela_alc @pluralsight‚Ä¶ https://t.co/dyfhCmiDhf"
392	@Suraj_Deuja Pluralsight has nice content on that
393	@Suraj_Deuja Like I mentioned I had good luck with courses on @pluralsight .  Plus @IAmTimCorey has useful content on @YouTube
394	My Kotlin: App Fundamentals IQ is 194‚Äîthat‚Äôs better than 77% of my peers! What's your #PluralsightIQ?‚Ä¶ https://t.co/r4ITSHLtr1
395	@ASpittel @pluralsight Nice one
396	@dannysteenman @QuinnyPig That's a bit vague given the range of AWS services.  I renew my @pluralsight subscription‚Ä¶ https://t.co/xza5woPTLz
397	Today I learned StackOverflow now has a feature that lets you curate your software developer profile. Coolest stuff‚Ä¶ https://t.co/FhuwYCpI7K
398	Just started learning c# and i will be sharing my roadmap here. currently subscribed to https://t.co/C1q2Rs6ptD and‚Ä¶ https://t.co/OLI2rZwfZF
399	@gbemiesho @Andela @pluralsight @Google @googlecloud Hello @gbemiesho. How you doing?
400	Also take a look at https://t.co/doALcA1yeU and https://t.co/j0pJHRMmAt https://t.co/rEtbMJopRV
401	@nickrusso42518 @pluralsight Great! I'm looking forward to it!
402	"@ASpittel @pluralsight Please tell me there Snyderverse vs. MCU references for ""SQL vs NoSQL""

*escapes* https://t.co/qAuq3GHfv3"
403	@TC_Johnson Splunk Docs are best resource for this, else there's a decent (not great) course on Pluralsight. Standa‚Ä¶ https://t.co/lGHge3cFBR
404	"Day 79 of #100DaysOfCode #CSharp #Dotnet #MVC
Spent the day going over Classes and Objects using Microsofts Documen‚Ä¶ https://t.co/blHn8QvkHt"
405	my leader reminded me that it‚Äôs my 2 year anniversary @pluralsight today. in one of my hiring interviews i was aske‚Ä¶ https://t.co/OpulyXwmqr
406	@temi_coker @pluralsight has some stellar courses! they have a free trial too before you commit to any kind of subscription
407	@ccieby30 Hopefully they can see this. I was clued into it from a conversation that a BA colleague was having with‚Ä¶ https://t.co/KVoxQP6wuV
408	My Pluralsight colleagues in India are the personification of GRIT.  Whilst managing their own health circumstances‚Ä¶ https://t.co/38JcLqyWuX
409	@iamsegunajibola Easy: 5-hour video. In the past, before online course vendors like #Pluralsight, I would read so m‚Ä¶ https://t.co/c0dl9lyj9s
410	@DanWahlin Do you recommend your and John Papas typescript fundamentals on Pluralsight before the above angular course?
411	@pluralsight If I was worried about the health of my engineering team, ide probably make sure they have a robust, well funded health plan.
412	"@pluralsight I stopped reading at ""Friday"", and now I'm SOL"
413	@tombrazelton Courses on LinkedIn,  coursera, pluralsight all solid.
414	@pluralsight Friday May 21st?
415	4th industrial rev @McKinsey suggests ‚ÄúThe nature of work will continue to change, and that will require strong edu‚Ä¶ https://t.co/X5wcITfGjS
416	Managing the Windows 10 Taskbar with PowerShell When I‚Äôm working on a Pluralsight course, I tend to setup a virtual‚Ä¶ https://t.co/IEGDVLTgjj
417	Just watched @pluralsight live webinar Backend development on AWS for frontend engineers. It was phenomenal.  Thank‚Ä¶ https://t.co/D8QktmtJgv
418	"Thanks to all who attended my pluralsight workshop!

Here are my slides: https://t.co/waw757QJvp

and here's the gi‚Ä¶ https://t.co/LRokbwJ73C"
419	"@amjadalam @pluralsight I do not. I will be covering:

1. Configuring NetBox using Ansible based on the network top‚Ä¶ https://t.co/bkMbICBxQ0"
420	@nickrusso42518 @pluralsight You have any plan for dedicated course on Netbox only.
421	@ccie46985 @pluralsight Arista, AWS, Palo Alto, and NetBox are only Cisco?
422	@nickrusso42518 @pluralsight Multi vendor but only covering Cisco, how so?
423	@nickrusso42518 @pluralsight Can't wait for this one
424	@007_vasu @pluralsight No, not here. The goal isn't to test every single possible vendor. That would be a very bori‚Ä¶ https://t.co/gBRrTEhFkb
425	@ASpittel @pluralsight Looks good. Really sorry I missed it. Is there anyway to still watch it or will you be doing another?
426	@chadcampbell I was about to tweet the exact same thing!!! Third course I started on Vue, I was not understanding k‚Ä¶ https://t.co/XaPxSpXSmv
427	@96wolfd @Andela @pluralsight @Google @googlecloud O mine look who i saw here
428	@CliffordAgius @pluralsight @pete_codes Thanks so much! You just made my day üòÉüôè
429	Check out the companies listed on the ShortList for Learning Marketplaces by @rwang0 https://t.co/pDyDVLGxa6‚Ä¶ https://t.co/lCn2XGY7Is
430	@JurgenOnAzure @pluralsight You sir are doing amazing I think the content, style and general polish on your courses‚Ä¶ https://t.co/yoAsnBmaFS
431	"Learn project management skills with our popular @Pluralsight online course! https://t.co/IsSheWnxOQ
#money‚Ä¶ https://t.co/mcPXlCl8Wt"
432	"A friendly request to anyone watching @pluralsight courses...

Please rate the course after completing it, to let u‚Ä¶ https://t.co/8gd4XQKFE6"
433	Check it out!! This will be a great help to front end devs who want to do more full stack stuff with Amplify (a gre‚Ä¶ https://t.co/vOygkLAUtW
434	Managing Computers with #PowerShell and CIM https://t.co/vEd9fladn6 @pluralsight #Training #Courses #Learning @SharePlicity @SharePlicityE
435	Apply for the Google Africa Developer Scholarship (GADS) Program 2021 for Young African Developers. Visit‚Ä¶ https://t.co/8vxISoSXKQ
436	You can watch the workshop from here!!! So excited to talk to you all! https://t.co/Pqc5eaCbxR
437	"10 websites that will help you learn Web Development online: 

1. FreeCodeCamp - üÜì
2. Udemy - üí∏
3. Treehouse - üí∏
4.‚Ä¶ https://t.co/vb2fZPQTJ6"
438	"Trending Tweet by @ASpittel mentioning @pluralsight  

#GraphQL üî•üê¶

https://t.co/Is9kPDytNB"
439	"Hello Africa,  @pluralsight  is the gift that keeps on giving.
Check out this free webinar on backend development.‚Ä¶ https://t.co/gUHTOUfxdt"
440	@alexmarsh Our support team would be happy to assist with this issue.  Please email support@pluralsight.com for assistance.
441	ü§©I've just completed a üå∫sublime, üé®inspiring course describing #concurrency in #Go: not only shared-memory strategie‚Ä¶ https://t.co/CeTs71KI1u
442	SO guess dopey here will do the AWS Architect track on Pluralsight this weekend then sit a dumb exam. https://t.co/lrN0KHiFh8
443	The Industrial Product Design Process | Pluralsight - All Hands on Tech https://t.co/SSTcc7uhlr
444	@pluralsight @julielerman @ardalis @LukejkWarren ‚ÄúDeleting cookies?!!!‚Äù üò≥ https://t.co/HcWgaihGbU
445	@julielerman @ardalis @LukejkWarren Yes, please try deleting your cookies and logging back in. :)
446	.@ASpittel gave a preview in this thread of what she‚Äôll be covering: https://t.co/TuEApSgqEL
447	@nickrusso42518 @pluralsight Cool, thank you
448	Join us right here for @aspittel's interactive workshop today‚Äîand bring all your backend development questions you‚Ä¶ https://t.co/R7WH5dRShZ
449	@MClarkeDrums @ASpittel Yes! If you register on the page, when‚Äôll send you a link to the on-demand version after th‚Ä¶ https://t.co/8QoCw5z48F
450	Don't miss this workshop from @ASpittel @pluralsight https://t.co/g6Sy4bwJYj
451	"@luckyfor1k @pluralsight I wasn't able to fit JunOS into this course for two reasons:

1. Did not fit with my scena‚Ä¶ https://t.co/SnUcoAKE7g"
452	@iomar2x2 @pluralsight Trust me when I say Pluralsight will be the best investment you make in your continued learn‚Ä¶ https://t.co/wYX8i5jING
453	@nickrusso42518 @pluralsight I'm on the free 10 day trial , thanks to you
454	@MClarkeDrums @pluralsight I think so yes! In fact I even think there's a thing on the sign up where they'll send it to you!
455	@ASpittel @pluralsight Will this be available to watch via Pluralsight if we cannot attend today?
456	@nickrusso42518 @pluralsight Any plans for Junos?
457	In the past 5 years, I've completed over 50 LinkedIn Learning Courses, 12 CBT Nuggets courses, a few courses at Plu‚Ä¶ https://t.co/BipiGDsXZL
458	Pluralsight wanipee chance buana sina $149 for that certification
459	We published a new application development course today. | Developing .NET Core Apps with Docker | https://t.co/8Sffat4wCa | @pluralsight
460	700,000 strong devs across Africa and growing fast. 67% of these are either self-taught or use informal training me‚Ä¶ https://t.co/SxoX6s6J3d
461	@ASpittel @pluralsight Ali - sounds great - well done. Of course you could just show them Linx #jobdone
462	Note: Docker is not a prerequisite for my next @pluralsight course on Managing Sitecore Docker Containers. I'll sav‚Ä¶ https://t.co/TmZIdp1AoC
463	I'm giving a workshop for @pluralsight today that's pretty much a cloud and backend development crash course geared‚Ä¶ https://t.co/jj9GvFHdh2
464	"Just signed a new @pluralsight deal for a 3.5 hour course titled ""Automating Multi-vendor and Cloud Networks using‚Ä¶ https://t.co/20LQBphFB7"
465	Hankering to learn about soft skills or leadership? I have 30 of the hundreds of soft skills courses in‚Ä¶ https://t.co/cWd4B0aFyq
466	Increasing Mental Health Awareness for Improved Inclusion: Take this brand new course and thousands more‚Ä¶ https://t.co/COQyFHE4mf
467	"You most likely have been hearing a TON about infrastructure-as-code‚Ä¶ tools like Terraform, for example.

‚Ä¶ but wha‚Ä¶ https://t.co/AI8wpFMHZn"
468	@mgeist I‚Äôm guessing Pluralsight and other tech app would be grab in the lead too ‚Ä¶ im alway happy to pay more taxes for no reason ‚Ä¶ &lt;_&lt;
469	Sharing on how GADS2020 influenced my career and a little advice for anyone who would like to join  #GADS2021‚Ä¶ https://t.co/CSdMLrSxKZ
470	@vkhorikov @TeleTobiTweets @pluralsight Yes,  I can. And I watched all other courses :-)
471	@mcqtech I‚Äôm currently doing an azure data lake training module from @pluralsight. I just wanted to say I find you a great trainer. Thanks.
472	@PapaRiedel @chambernate I would suggest @vladcatrinescu guide to get an overview over resources‚Ä¶ https://t.co/vP6rmRbtCL
473	Your future is guaranteed with #tech . @Andela , @pluralsight and @Google have partner to give a scholarship to eli‚Ä¶ https://t.co/4LT9F78qe5
474	@craigshoemaker @umutoni_ritha @bonte_bana @kibecomymy @gatera_alice @pluralsight My pleasureüòä @craigshoemaker
475	Show off your Pluralsight IQ on your #ReactJS portfolio. https://t.co/jgbPr2qGG8 https://t.co/GhgV5qJOrU
476	@pluralsight ‚ô•Ô∏è‚ô•Ô∏è‚ô•Ô∏è appreciation post
477	...it wasn't what I was studying, nor was it a problem with Pluralsight.  It wasn't that I was lazy or lacked focus‚Ä¶ https://t.co/lUPGZ6SAjb
478	...so I bought an Android tablet (a decent sized one) *just* for Pluralsight (not a general family device for Netfl‚Ä¶ https://t.co/3DMukvaXPa
479	I've tried making notes while watching Pluralsight (good old pen&amp;paper usually) - jury out on this one
480	"So, I used to start out on a Pluralsight course, spot something and go ""oooh, that's good!"" - rush off and start Vi‚Ä¶ https://t.co/pYImk3qQcD"
481	"how do *you* learn?  I mean what's your approach, style, tactics, whatever...

some meandering thoughts to follow o‚Ä¶ https://t.co/9nolIZndHv"
482	@ardalis @julielerman I like that you made a reference to Igbo in your Pluralsight DDD tutorial. I am Igbo. Made me‚Ä¶ https://t.co/B02Rvq1CID
483	I've found a new level of respect for the authors on @pluralsight and the amount of effort that goes into these cou‚Ä¶ https://t.co/GbvKsaLbnx
484	"@umutoni_ritha @bonte_bana
@kibecomymy @gatera_alice
Ladies just check ""Building Website with HTML, CSS, and JavaSc‚Ä¶ https://t.co/bTUef4C4tb"
485	"10 websites that will help you learn Web Development online -

1. FreeCodeCamp - üÜì
2. Udemy - üí∏
3. Treehouse - üí∏
4.‚Ä¶ https://t.co/DmRVooId2k"
486	"Learn how to transform your software architecture:
https://t.co/sNlIUKWb3h

#pluralsight #microservices #legacy‚Ä¶ https://t.co/HiKWuXVdkK"
487	I earned a new badge while skilling up on @Pluralsight https://t.co/zchmWfNXzX
488	"[2/100]
@StackDevJobs offers free pluralsight IQ tests, which was a nice way to answer my earlier question of ""smh‚Ä¶ https://t.co/Cbi7fIECer"
489	My Kotlin: App Fundamentals IQ is 169‚Äîthat‚Äôs better than 63% of my peers! What's your #PluralsightIQ? https://t.co/NifFns0kha
